House_ID,Area,Bedrooms,Bathrooms,Floors,Parking,Age_of_House,Location,Furnishing_Status,House_Price,Purchased
H0001,1660,3,4,1,0,7,Urban,Unfurnished,11274500,Yes
H0002,1130,3,4,1,2,22,Urban,Semi-Furnished,8037987,Yes
H0003,3233,4,1,1,1,22,Urban,Furnished,22417332,No
H0004,1882,2,4,2,2,30,Urban,Semi-Furnished,12264807,Yes
H0005,1362,4,3,2,0,3,Rural,Unfurnished,7549000,Yes
H0006,2868,1,3,2,0,28,Suburban,Semi-Furnished,15253994,Yes
H0007,3412,2,4,2,2,28,Urban,Furnished,23555248,Yes
H0008,834,1,4,2,1,30,Suburban,Semi-Furnished,4421747,Yes
H0009,2300,2,2,2,1,10,Rural,Semi-Furnished,11447500,Yes
H0010,1615,4,1,2,0,16,Suburban,Unfurnished,8897625,Yes
H0011,1876,2,1,2,0,9,Urban,Furnished,13084304,Yes
H0012,864,1,3,1,0,12,Urban,Unfurnished,5558800,Yes
H0013,1962,3,1,2,2,3,Suburban,Furnished,12421752,Yes
H0014,3078,2,1,2,2,9,Suburban,Semi-Furnished,17285082,No
H0015,1302,5,3,2,1,27,Suburban,Unfurnished,7567850,Yes
H0016,3460,3,1,1,1,23,Suburban,Unfurnished,18035500,No
H0017,1006,2,2,2,0,19,Urban,Unfurnished,6211450,Yes
H0018,1363,5,4,2,1,5,Urban,Furnished,11163852,Yes
H0019,2478,3,1,2,0,7,Urban,Semi-Furnished,16456542,Yes
H0020,3404,1,1,2,1,30,Suburban,Semi-Furnished,17846485,No
H0021,2296,1,1,1,2,30,Urban,Furnished,15091984,Yes
H0022,1509,3,1,2,0,1,Urban,Unfurnished,10057175,Yes
H0023,2431,1,4,1,1,17,Urban,Semi-Furnished,15916741,Yes
H0024,2436,1,4,1,2,17,Rural,Semi-Furnished,12040100,Yes
H0025,1654,5,4,1,0,19,Suburban,Furnished,10796584,Yes
H0026,2507,2,4,2,2,4,Urban,Unfurnished,16530025,No
H0027,1093,5,4,2,1,22,Suburban,Furnished,7545028,Yes
H0028,1947,3,2,2,0,3,Suburban,Unfurnished,11065725,Yes
H0029,2755,3,2,1,2,19,Urban,Unfurnished,17326625,No
H0030,2759,2,4,1,2,28,Suburban,Semi-Furnished,15331716,Yes
H0031,2434,4,4,2,0,20,Suburban,Semi-Furnished,14145747,Yes
H0032,2127,4,1,1,2,23,Urban,Unfurnished,13421525,Yes
H0033,2482,3,4,2,1,24,Rural,Unfurnished,11799000,Yes
H0034,2448,4,2,2,1,3,Urban,Furnished,18016192,Yes
H0035,2684,2,4,2,1,2,Suburban,Furnished,16816464,No
H0036,960,4,1,2,0,16,Suburban,Unfurnished,5508000,Yes
H0037,2018,1,4,1,2,19,Suburban,Semi-Furnished,11415307,Yes
H0038,2493,5,3,2,2,27,Suburban,Semi-Furnished,14496338,Yes
H0039,3131,1,1,2,0,16,Urban,Unfurnished,18810825,Yes
H0040,816,4,4,2,0,14,Rural,Unfurnished,4832000,Yes
H0041,2568,5,4,1,0,14,Rural,Unfurnished,12966000,Yes
H0042,1499,1,4,1,0,21,Urban,Furnished,10329196,Yes
H0043,927,2,1,2,2,22,Suburban,Semi-Furnished,5077086,Yes
H0044,1425,2,3,1,1,2,Urban,Furnished,10775700,Yes
H0045,1045,5,2,1,1,3,Urban,Furnished,8720180,Yes
H0046,2329,1,4,1,0,8,Suburban,Semi-Furnished,13305203,Yes
H0047,1771,3,3,1,1,2,Urban,Unfurnished,12088825,Yes
H0048,1653,3,1,2,2,30,Urban,Semi-Furnished,10514073,Yes
H0049,3417,1,4,2,1,15,Urban,Furnished,23739268,Yes
H0050,2395,4,4,1,2,4,Rural,Semi-Furnished,13116375,Yes
H0051,846,3,3,2,0,18,Suburban,Semi-Furnished,5166952,Yes
H0052,2482,1,4,1,2,28,Suburban,Semi-Furnished,13576567,Yes
H0053,1540,2,1,2,2,9,Suburban,Furnished,9485840,Yes
H0054,1881,2,1,1,1,30,Urban,Furnished,12398324,Yes
H0055,1287,5,1,1,0,7,Suburban,Furnished,8609452,Yes
H0056,3094,3,4,2,2,5,Urban,Furnished,22561576,No
H0057,1892,1,2,2,1,20,Urban,Semi-Furnished,11998595,Yes
H0058,3321,5,3,2,0,30,Urban,Unfurnished,20765075,No
H0059,2581,5,4,2,2,10,Suburban,Semi-Furnished,15834508,Yes
H0060,1815,5,1,2,2,2,Urban,Unfurnished,12616125,Yes
H0061,1651,4,2,1,0,1,Rural,Unfurnished,8749500,Yes
H0062,2436,4,3,1,0,8,Rural,Furnished,13497440,Yes
H0063,3244,4,3,2,1,29,Urban,Unfurnished,20207300,Yes
H0064,889,5,2,2,1,30,Rural,Furnished,5010560,Yes
H0065,1625,5,2,1,2,29,Urban,Furnished,11746500,Yes
H0066,1475,2,1,1,2,17,Suburban,Semi-Furnished,8254781,Yes
H0067,1808,5,4,1,2,13,Suburban,Unfurnished,11046400,Yes
H0068,1672,1,1,2,0,22,Urban,Unfurnished,9707400,Yes
H0069,3024,4,4,1,0,19,Urban,Unfurnished,19330800,Yes
H0070,1650,2,3,2,0,5,Urban,Furnished,12066600,Yes
H0071,2292,4,1,1,0,7,Urban,Semi-Furnished,15520095,Yes
H0072,3245,2,1,1,2,29,Urban,Semi-Furnished,20459043,Yes
H0073,1753,4,1,1,1,7,Urban,Semi-Furnished,12201948,Yes
H0074,2216,2,3,2,1,5,Suburban,Semi-Furnished,13001190,Yes
H0075,3186,5,1,2,0,7,Rural,Semi-Furnished,16203850,Yes
H0076,2610,5,4,2,2,27,Urban,Unfurnished,16985750,No
H0077,972,5,2,2,1,26,Suburban,Furnished,6323712,Yes
H0078,1694,1,3,1,2,13,Urban,Furnished,12035976,Yes
H0079,2014,4,1,1,0,6,Urban,Semi-Furnished,13786802,Yes
H0080,1484,5,1,1,0,16,Suburban,Unfurnished,8469700,Yes
H0081,2052,4,3,1,0,18,Urban,Furnished,14781808,Yes
H0082,2349,1,1,2,1,3,Rural,Furnished,12268960,Yes
H0083,1835,2,4,2,1,12,Urban,Furnished,13345340,Yes
H0084,1831,2,4,2,1,8,Urban,Semi-Furnished,12699491,Yes
H0085,1339,4,1,1,2,22,Urban,Furnished,9650556,Yes
H0086,1728,5,4,1,0,13,Rural,Furnished,10159120,Yes
H0087,1189,2,3,2,0,15,Rural,Semi-Furnished,6058025,Yes
H0088,1597,2,3,1,0,23,Urban,Semi-Furnished,10306863,Yes
H0089,2993,1,3,1,1,25,Rural,Unfurnished,13378500,Yes
H0090,1488,5,1,2,0,3,Urban,Furnished,11434352,Yes
H0091,1317,4,1,1,2,5,Rural,Furnished,7857680,Yes
H0092,1513,2,3,1,0,14,Urban,Furnished,10774452,Yes
H0093,850,5,1,2,1,1,Suburban,Semi-Furnished,6128687,Yes
H0094,2942,2,2,2,1,22,Rural,Semi-Furnished,14000950,Yes
H0095,1067,1,2,2,0,30,Rural,Furnished,4787680,Yes
H0096,3248,5,1,2,1,11,Urban,Semi-Furnished,21828180,Yes
H0097,2129,2,2,2,2,27,Urban,Semi-Furnished,13600358,Yes
H0098,2131,1,2,1,2,28,Urban,Semi-Furnished,13323116,Yes
H0099,2928,5,1,2,1,24,Rural,Furnished,15347120,No
H0100,868,2,2,1,1,13,Urban,Unfurnished,5733100,Yes
H0101,2706,1,3,1,2,11,Urban,Furnished,19001624,Yes
H0102,1466,5,4,2,0,26,Urban,Furnished,10904664,Yes
H0103,1828,2,4,2,0,22,Urban,Furnished,12777712,Yes
H0104,3492,1,4,2,1,2,Urban,Semi-Furnished,23284595,Yes
H0105,3096,1,2,1,1,11,Rural,Furnished,15893840,No
H0106,2080,1,3,1,2,15,Urban,Semi-Furnished,13697800,Yes
H0107,1325,2,4,1,1,24,Suburban,Semi-Furnished,7579718,Yes
H0108,1325,3,4,1,2,3,Rural,Semi-Furnished,7850625,Yes
H0109,3210,4,1,2,1,6,Suburban,Unfurnished,17671750,No
H0110,2454,5,4,2,2,25,Rural,Semi-Furnished,12805150,Yes
H0111,925,4,1,1,0,20,Suburban,Semi-Furnished,5406218,Yes
H0112,866,1,1,2,2,4,Suburban,Semi-Furnished,5215627,Yes
H0113,1422,1,4,1,1,9,Urban,Semi-Furnished,9800582,Yes
H0114,2561,3,4,1,0,6,Suburban,Furnished,16073556,No
H0115,3124,4,2,1,1,30,Rural,Unfurnished,14338000,Yes
H0116,1960,3,3,1,0,4,Rural,Semi-Furnished,10391000,Yes
H0117,1267,4,3,2,2,6,Rural,Semi-Furnished,7526575,Yes
H0118,3351,3,2,1,1,15,Suburban,Semi-Furnished,18838496,No
H0119,2468,2,2,2,2,20,Suburban,Furnished,14604528,Yes
H0120,2987,1,2,2,1,5,Suburban,Unfurnished,15987724,Yes
H0121,2826,3,1,2,1,24,Urban,Unfurnished,17257950,Yes
H0122,2860,2,4,1,2,5,Urban,Furnished,20719440,Yes
H0123,2743,3,2,1,0,5,Rural,Semi-Furnished,13870675,Yes
H0124,1133,5,4,1,0,2,Urban,Unfurnished,8772975,Yes
H0125,3360,4,4,1,2,9,Suburban,Semi-Furnished,19857400,Yes
H0126,2852,3,3,2,1,30,Urban,Furnished,19615008,Yes
H0127,3249,3,1,2,0,23,Urban,Furnished,22116196,No
H0128,2048,2,2,1,2,7,Urban,Semi-Furnished,13883680,Yes
H0129,3426,3,4,2,2,15,Suburban,Semi-Furnished,19726027,Yes
H0130,1219,5,2,1,0,29,Urban,Unfurnished,7855425,Yes
H0131,3136,4,2,2,1,5,Rural,Furnished,17085440,No
H0132,2732,4,1,2,2,29,Suburban,Furnished,16094672,No
H0133,929,3,3,1,2,4,Suburban,Unfurnished,6177575,Yes
H0134,2916,4,3,2,1,8,Suburban,Unfurnished,16430299,Yes
H0135,3149,3,4,2,0,8,Suburban,Furnished,19401604,No
H0136,2439,4,3,2,0,24,Urban,Unfurnished,15396925,No
H0137,1403,2,1,2,2,29,Urban,Furnished,9306012,Yes
H0138,2230,1,2,1,0,26,Rural,Semi-Furnished,10106750,Yes
H0139,2654,3,4,1,0,15,Urban,Furnished,18927816,No
H0140,3160,5,2,1,2,20,Suburban,Unfurnished,17403000,Yes
H0141,1274,2,3,1,2,27,Suburban,Unfurnished,6792949,Yes
H0142,2005,1,3,2,1,21,Rural,Furnished,10175200,Yes
H0143,1084,3,2,2,1,21,Suburban,Furnished,6672864,Yes
H0144,1907,1,1,2,1,22,Urban,Furnished,12645228,Yes
H0145,2183,1,3,1,0,30,Suburban,Unfurnished,10887025,Yes
H0146,1751,3,2,2,1,29,Suburban,Furnished,10218796,Yes
H0147,1085,3,2,1,1,19,Suburban,Semi-Furnished,6365618,Yes
H0148,3349,4,1,2,1,6,Suburban,Furnished,20470804,Yes
H0149,854,3,4,2,1,19,Suburban,Furnished,5779784,Yes
H0150,2934,4,4,2,2,29,Urban,Furnished,20762936,No
H0151,2807,3,3,1,1,25,Suburban,Unfurnished,14936224,Yes
H0152,2087,2,3,2,1,24,Rural,Furnished,10718480,Yes
H0153,981,5,2,1,2,16,Urban,Semi-Furnished,7467553,Yes
H0154,1574,1,3,1,2,16,Urban,Furnished,11099496,Yes
H0155,881,2,1,1,0,20,Urban,Unfurnished,5232075,Yes
H0156,2209,3,3,1,0,5,Urban,Semi-Furnished,15180658,Yes
H0157,1876,4,3,2,1,22,Suburban,Furnished,11653296,Yes
H0158,3479,3,2,1,0,18,Urban,Semi-Furnished,22581671,Yes
H0159,1036,1,3,1,1,22,Rural,Semi-Furnished,4925100,Yes
H0160,1241,5,1,2,2,5,Urban,Semi-Furnished,9386028,Yes
H0161,2975,5,2,2,0,6,Urban,Furnished,21611900,Yes
H0162,2201,4,3,1,1,22,Urban,Furnished,15755604,No
H0163,1530,2,4,1,0,21,Urban,Furnished,10790120,Yes
H0164,1501,2,2,2,1,28,Rural,Furnished,7425040,Yes
H0165,1492,4,3,2,0,21,Rural,Unfurnished,7414000,Yes
H0166,1936,3,3,2,2,22,Suburban,Unfurnished,10668800,Yes
H0167,1557,5,4,1,1,4,Suburban,Unfurnished,9987475,Yes
H0168,2562,4,3,1,1,27,Suburban,Semi-Furnished,14501267,Yes
H0169,3048,2,2,1,0,9,Urban,Furnished,21238592,Yes
H0170,1738,2,1,1,2,3,Urban,Unfurnished,11358350,Yes
H0171,901,2,4,1,0,12,Rural,Furnished,5281040,Yes
H0172,1840,2,1,1,0,15,Urban,Unfurnished,11258000,Yes
H0173,2599,5,1,1,0,22,Suburban,Furnished,15613804,Yes
H0174,2091,3,2,1,0,26,Urban,Semi-Furnished,13407966,Yes
H0175,1839,1,3,2,0,22,Rural,Semi-Furnished,8599275,Yes
H0176,1134,5,3,1,2,16,Urban,Unfurnished,8279050,Yes
H0177,1526,5,2,1,1,20,Rural,Semi-Furnished,8140350,Yes
H0178,2266,2,3,1,1,24,Urban,Furnished,15617864,No
H0179,1994,2,3,1,2,15,Rural,Furnished,10729760,Yes
H0180,1720,5,2,1,0,10,Rural,Semi-Furnished,9337000,Yes
H0181,1110,3,2,2,1,27,Rural,Furnished,5744400,Yes
H0182,2097,3,3,1,1,20,Urban,Furnished,14877988,Yes
H0183,1276,5,4,1,2,25,Suburban,Furnished,8605696,Yes
H0184,1139,5,1,2,0,3,Suburban,Semi-Furnished,7499041,Yes
H0185,2833,4,2,2,0,25,Urban,Furnished,19635732,Yes
H0186,3432,1,1,2,2,26,Suburban,Furnished,19521872,No
H0187,1509,3,2,1,1,25,Suburban,Unfurnished,8039075,Yes
H0188,2407,4,1,1,1,21,Rural,Semi-Furnished,11833075,Yes
H0189,1025,1,2,1,0,26,Suburban,Semi-Furnished,5139593,Yes
H0190,2596,1,1,1,1,17,Urban,Semi-Furnished,16429235,Yes
H0191,1649,1,4,1,2,6,Suburban,Furnished,10527604,Yes
H0192,2830,1,1,2,1,5,Urban,Furnished,19605320,Yes
H0193,3482,4,1,1,2,25,Rural,Semi-Furnished,16872450,Yes
H0194,839,1,1,1,2,2,Urban,Unfurnished,5686925,Yes
H0195,837,3,1,2,1,18,Urban,Furnished,6024948,Yes
H0196,1595,5,1,1,1,8,Rural,Semi-Furnished,8766375,Yes
H0197,3196,3,2,1,1,8,Suburban,Furnished,19434016,Yes
H0198,1015,3,4,2,0,27,Rural,Furnished,5505600,Yes
H0199,1162,5,1,1,1,4,Suburban,Semi-Furnished,7704017,Yes
H0200,1499,5,3,1,1,25,Urban,Unfurnished,10016425,Yes
H0201,1225,2,4,1,0,30,Rural,Semi-Furnished,5808125,Yes
H0202,3203,2,2,1,0,12,Urban,Furnished,22173212,Yes
H0203,1936,1,1,2,2,2,Suburban,Furnished,11811056,Yes
H0204,1474,3,2,1,1,9,Rural,Unfurnished,7503000,Yes
H0205,2235,4,3,2,0,29,Suburban,Semi-Furnished,12524431,Yes
H0206,1530,1,4,2,0,10,Suburban,Semi-Furnished,8883637,Yes
H0207,1273,3,2,2,1,15,Rural,Unfurnished,6358500,Yes
H0208,2050,4,1,2,2,29,Urban,Semi-Furnished,13336437,Yes
H0209,2926,3,3,2,2,26,Urban,Semi-Furnished,19154222,Yes
H0210,2800,3,1,1,2,15,Suburban,Furnished,16798800,No
H0211,2623,2,3,2,1,11,Urban,Furnished,18566892,Yes
H0212,1788,5,3,2,0,27,Rural,Unfurnished,8756000,Yes
H0213,2776,5,3,1,0,26,Rural,Unfurnished,13242000,Yes
H0214,2780,3,4,1,0,24,Urban,Unfurnished,17398500,Yes
H0215,2407,4,2,1,0,29,Suburban,Unfurnished,12656224,Yes
H0216,1850,2,4,1,2,29,Urban,Furnished,12887400,Yes
H0217,2359,4,2,1,1,15,Suburban,Semi-Furnished,13698216,Yes
H0218,3302,1,2,2,0,6,Urban,Unfurnished,20429650,Yes
H0219,3348,5,2,2,2,13,Urban,Furnished,24109792,No
H0220,2143,2,2,1,2,6,Urban,Furnished,15440972,Yes
H0221,2843,1,4,1,1,19,Urban,Furnished,19673772,No
H0222,2495,4,4,1,1,8,Urban,Furnished,18495980,Yes
H0223,2568,5,2,1,0,20,Urban,Unfurnished,16410600,No
H0224,889,2,2,1,1,10,Urban,Furnished,6628756,Yes
H0225,2695,3,1,1,2,6,Suburban,Furnished,16550220,No
H0226,2239,1,2,2,1,28,Rural,Semi-Furnished,10189275,Yes
H0227,910,3,3,1,2,20,Suburban,Semi-Furnished,5674712,Yes
H0228,821,2,3,1,2,9,Urban,Semi-Furnished,6156953,Yes
H0229,1770,2,2,2,2,12,Urban,Furnished,12663080,Yes
H0230,2066,2,3,1,1,4,Suburban,Furnished,12974536,Yes
H0231,3156,3,4,2,1,18,Suburban,Furnished,19162176,Yes
H0232,1882,3,4,2,2,3,Urban,Semi-Furnished,13594807,Yes
H0233,2782,1,3,2,0,30,Rural,Semi-Furnished,12734950,Yes
H0234,1756,4,1,2,1,20,Suburban,Semi-Furnished,10041665,Yes
H0235,2512,3,4,1,1,21,Urban,Semi-Furnished,16773420,Yes
H0236,2597,2,3,1,1,22,Urban,Unfurnished,16056775,Yes
H0237,2868,1,3,2,1,23,Suburban,Semi-Furnished,15573994,Yes
H0238,1174,5,1,2,0,9,Urban,Furnished,9057896,Yes
H0239,2446,1,4,2,2,6,Suburban,Furnished,15147016,Yes
H0240,2913,3,1,1,2,1,Suburban,Furnished,18013748,No
H0241,3134,3,2,1,1,14,Urban,Furnished,21993736,Yes
H0242,1661,1,1,1,2,12,Suburban,Semi-Furnished,9215458,Yes
H0243,2803,4,1,1,0,15,Suburban,Furnished,16826188,Yes
H0244,2455,4,4,2,2,15,Suburban,Unfurnished,14064624,Yes
H0245,1756,4,2,2,1,9,Suburban,Semi-Furnished,10661665,Yes
H0246,2966,3,2,1,0,27,Urban,Furnished,20210664,Yes
H0247,1835,2,4,1,1,24,Suburban,Semi-Furnished,10350931,Yes
H0248,1016,2,1,1,2,24,Suburban,Semi-Furnished,5480690,Yes
H0249,1718,4,2,2,2,30,Urban,Semi-Furnished,11358692,Yes
H0250,1691,2,1,1,2,8,Urban,Semi-Furnished,11386466,Yes
H0251,1316,2,1,1,2,26,Urban,Semi-Furnished,8274435,Yes
H0252,2961,2,1,2,2,8,Suburban,Unfurnished,15923174,Yes
H0253,1613,4,1,1,2,16,Rural,Furnished,8909520,Yes
H0254,3208,2,2,2,1,18,Suburban,Unfurnished,16861400,Yes
H0255,1912,5,1,1,0,9,Urban,Semi-Furnished,13266170,Yes
H0256,1293,4,2,1,1,2,Suburban,Furnished,8894228,Yes
H0257,1650,5,3,1,1,22,Suburban,Furnished,10593400,Yes
H0258,1510,5,3,2,0,25,Suburban,Furnished,9541960,Yes
H0259,3138,4,2,2,2,3,Urban,Semi-Furnished,21496517,Yes
H0260,1826,5,2,2,1,6,Rural,Furnished,10693040,Yes
H0261,1977,1,4,1,1,16,Suburban,Unfurnished,10680975,Yes
H0262,842,2,4,1,2,13,Rural,Unfurnished,4729000,Yes
H0263,1814,5,4,1,0,4,Rural,Unfurnished,9973000,Yes
H0264,1123,5,1,2,2,2,Urban,Furnished,9230892,Yes
H0265,3341,3,1,1,2,8,Urban,Semi-Furnished,22161403,Yes
H0266,3436,4,2,1,1,11,Urban,Semi-Furnished,22957385,Yes
H0267,3006,1,2,1,1,24,Rural,Semi-Furnished,13973350,Yes
H0268,2598,1,4,2,0,10,Urban,Furnished,18246792,Yes
H0269,2100,4,1,2,0,15,Suburban,Semi-Furnished,11990875,Yes
H0270,2456,5,2,2,0,26,Urban,Semi-Furnished,16236210,Yes
H0271,945,3,4,2,0,23,Suburban,Unfurnished,5440375,Yes
H0272,2384,3,4,2,0,23,Suburban,Semi-Furnished,13504059,Yes
H0273,3266,4,3,2,2,10,Urban,Furnished,23601864,Yes
H0274,1720,2,4,1,2,21,Suburban,Semi-Furnished,9966050,Yes
H0275,3484,1,1,1,2,24,Urban,Unfurnished,20875300,Yes
H0276,1925,2,4,1,0,14,Urban,Furnished,13757700,Yes
H0277,1152,4,3,1,0,27,Urban,Unfurnished,7458400,Yes
H0278,1507,5,1,2,1,28,Rural,Unfurnished,7211500,Yes
H0279,959,5,4,2,1,3,Suburban,Furnished,7528364,Yes
H0280,857,3,2,2,1,23,Urban,Semi-Furnished,5776588,Yes
H0281,2032,3,2,1,1,20,Urban,Semi-Furnished,13391620,Yes
H0282,3300,5,1,1,2,25,Urban,Semi-Furnished,21719875,No
H0283,1432,4,1,2,2,16,Urban,Unfurnished,9479400,Yes
H0284,1147,3,4,2,0,20,Rural,Furnished,6450880,Yes
H0285,1085,5,4,2,1,18,Suburban,Furnished,7658660,Yes
H0286,1812,4,2,2,1,29,Urban,Furnished,12648848,Yes
H0287,2486,2,1,2,0,21,Urban,Furnished,16754744,Yes
H0288,2666,3,4,2,2,26,Suburban,Unfurnished,14466549,Yes
H0289,1061,3,2,1,2,22,Suburban,Semi-Furnished,6235208,Yes
H0290,811,1,2,2,1,13,Urban,Semi-Furnished,5383166,Yes
H0291,2493,3,4,1,1,9,Urban,Unfurnished,16374975,No
H0292,929,3,2,2,1,10,Rural,Furnished,5512160,Yes
H0293,3100,1,4,1,1,1,Suburban,Semi-Furnished,17894625,Yes
H0294,3330,1,2,1,0,21,Urban,Furnished,22427320,No
H0295,1336,4,1,2,0,14,Rural,Furnished,7353440,Yes
H0296,2651,5,3,2,1,28,Urban,Unfurnished,16894825,No
H0297,2753,2,1,2,1,11,Suburban,Unfurnished,14606774,Yes
H0298,1879,1,3,1,0,3,Urban,Semi-Furnished,12655671,Yes
H0299,1682,4,1,2,2,8,Rural,Unfurnished,8669000,Yes
H0300,2203,4,1,2,1,7,Suburban,Furnished,13788588,Yes
H0301,2397,5,3,1,2,28,Suburban,Unfurnished,13314474,Yes
H0302,2564,5,2,1,1,23,Urban,Unfurnished,16386300,Yes
H0303,1541,5,2,1,1,24,Suburban,Furnished,9701636,Yes
H0304,3060,2,2,1,0,21,Rural,Furnished,15442400,No
H0305,1264,3,1,2,2,21,Rural,Unfurnished,6018000,Yes
H0306,1428,2,2,2,1,20,Urban,Semi-Furnished,9288855,Yes
H0307,1543,3,1,1,0,6,Urban,Semi-Furnished,10532411,Yes
H0308,3244,1,1,2,0,24,Urban,Furnished,21542176,Yes
H0309,2876,1,2,2,1,28,Suburban,Unfurnished,14493299,Yes
H0310,1558,2,4,1,1,8,Urban,Furnished,11620632,Yes
H0311,1655,5,3,1,0,23,Suburban,Furnished,10462380,Yes
H0312,886,3,1,1,2,24,Urban,Furnished,6238344,Yes
H0313,2468,4,1,2,1,14,Rural,Unfurnished,11846000,Yes
H0314,2034,3,4,1,2,26,Urban,Semi-Furnished,13644377,Yes
H0315,2837,2,2,1,0,8,Suburban,Furnished,16983252,Yes
H0316,3310,2,3,1,1,4,Suburban,Furnished,20184760,Yes
H0317,918,2,2,1,2,8,Urban,Furnished,7026072,Yes
H0318,2516,4,2,1,1,15,Urban,Semi-Furnished,16928935,No
H0319,2488,3,2,2,1,25,Urban,Semi-Furnished,16100330,Yes
H0320,1485,1,4,1,2,26,Rural,Unfurnished,6852500,Yes
H0321,838,1,4,1,2,18,Suburban,Semi-Furnished,5043482,Yes
H0322,2727,4,4,1,1,22,Rural,Semi-Furnished,13845075,Yes
H0323,1569,5,1,1,2,18,Urban,Unfurnished,10481675,Yes
H0324,2230,4,1,2,2,5,Suburban,Unfurnished,12760250,Yes
H0325,1502,3,3,1,1,7,Suburban,Furnished,9835592,Yes
H0326,1934,2,2,2,0,12,Suburban,Furnished,11589464,Yes
H0327,2723,3,4,2,1,2,Urban,Semi-Furnished,18879336,Yes
H0328,3149,3,3,2,0,16,Suburban,Semi-Furnished,17760878,Yes
H0329,1113,4,1,2,1,25,Rural,Furnished,5909520,Yes
H0330,3434,3,3,1,1,24,Suburban,Semi-Furnished,19109497,Yes
H0331,2204,4,4,2,1,3,Urban,Semi-Furnished,15778765,Yes
H0332,2823,5,2,2,1,4,Urban,Furnished,20777692,No
H0333,3430,4,1,2,2,24,Urban,Semi-Furnished,22339112,Yes
H0334,3383,2,2,2,2,28,Rural,Furnished,17030320,Yes
H0335,3058,5,4,2,1,6,Urban,Unfurnished,20427350,Yes
H0336,1539,1,3,1,1,20,Urban,Unfurnished,9459425,Yes
H0337,2126,3,1,2,1,13,Urban,Semi-Furnished,14091222,Yes
H0338,2083,4,4,1,2,15,Urban,Semi-Furnished,14646936,Yes
H0339,2971,3,3,1,1,16,Urban,Furnished,20984684,Yes
H0340,2594,5,3,1,1,30,Suburban,Semi-Furnished,14805147,Yes
H0341,2700,3,1,1,1,3,Urban,Unfurnished,17332500,Yes
H0342,2756,4,1,1,1,5,Suburban,Semi-Furnished,16075414,No
H0343,1809,3,1,2,0,4,Suburban,Semi-Furnished,10599653,Yes
H0344,1485,4,4,2,0,20,Suburban,Furnished,9527060,Yes
H0345,2231,4,2,2,1,28,Urban,Unfurnished,13913325,Yes
H0346,1069,2,4,2,1,10,Rural,Semi-Furnished,5991025,Yes
H0347,2379,1,1,2,2,20,Suburban,Unfurnished,12181324,Yes
H0348,2264,5,4,2,0,27,Urban,Unfurnished,14643800,Yes
H0349,2222,2,4,2,2,20,Urban,Unfurnished,14158650,Yes
H0350,2249,2,4,2,1,25,Suburban,Furnished,13375204,Yes
H0351,1905,5,3,1,1,5,Suburban,Unfurnished,11568375,Yes
H0352,1170,1,1,2,0,29,Urban,Semi-Furnished,6733137,Yes
H0353,1428,4,3,2,0,7,Suburban,Furnished,9536688,Yes
H0354,1392,5,1,2,1,11,Urban,Semi-Furnished,9989220,Yes
H0355,976,1,2,2,1,6,Rural,Semi-Furnished,5101600,Yes
H0356,1652,5,2,2,0,2,Urban,Unfurnished,11565900,Yes
H0357,1436,4,4,1,1,28,Urban,Unfurnished,9443700,Yes
H0358,2527,3,3,1,2,21,Urban,Unfurnished,16041525,Yes
H0359,1683,5,3,2,1,27,Rural,Semi-Furnished,8782175,Yes
H0360,1680,2,1,2,1,3,Rural,Furnished,9147200,Yes
H0361,2377,4,3,2,2,20,Suburban,Unfurnished,13280974,Yes
H0362,2001,3,3,1,2,11,Urban,Semi-Furnished,13853878,Yes
H0363,807,4,4,1,0,21,Urban,Furnished,6370828,Yes
H0364,1358,2,2,2,1,12,Urban,Unfurnished,8749850,Yes
H0365,1058,3,2,1,1,1,Suburban,Unfurnished,6665150,Yes
H0366,1412,4,4,1,0,4,Suburban,Semi-Furnished,9232455,Yes
H0367,2581,3,4,1,2,14,Urban,Furnished,18711124,Yes
H0368,2710,5,1,2,0,2,Urban,Semi-Furnished,18636412,Yes
H0369,2394,3,1,1,2,1,Urban,Semi-Furnished,16400727,No
H0370,3492,3,1,2,0,9,Rural,Semi-Furnished,17069700,No
H0371,2218,2,3,2,0,21,Urban,Semi-Furnished,14348067,Yes
H0372,1954,4,4,2,1,16,Suburban,Semi-Furnished,11817547,Yes
H0373,989,1,1,1,1,9,Suburban,Semi-Furnished,5563978,Yes
H0374,2137,3,1,1,1,17,Rural,Unfurnished,9986500,Yes
H0375,1730,1,4,1,1,2,Urban,Unfurnished,11519750,Yes
H0376,2758,1,4,2,0,8,Urban,Unfurnished,17404850,Yes
H0377,1241,1,3,2,2,21,Urban,Furnished,8633764,Yes
H0378,1748,4,2,2,0,7,Rural,Furnished,9889920,Yes
H0379,3057,3,1,2,2,27,Suburban,Unfurnished,15909975,Yes
H0380,3405,4,1,2,1,3,Urban,Unfurnished,21865375,No
H0381,1395,1,1,2,1,26,Rural,Semi-Furnished,6101375,Yes
H0382,2767,1,3,2,2,3,Suburban,Furnished,16947532,Yes
H0383,3020,1,3,2,2,25,Urban,Unfurnished,18376500,Yes
H0384,1943,5,1,2,0,30,Urban,Furnished,13450172,Yes
H0385,2936,3,1,1,0,27,Suburban,Furnished,16867056,No
H0386,867,4,4,2,0,29,Suburban,Furnished,5585132,Yes
H0387,2455,5,2,1,1,12,Suburban,Semi-Furnished,14589856,Yes
H0388,2385,5,3,1,0,16,Rural,Unfurnished,11882500,Yes
H0389,2844,1,1,1,2,17,Urban,Furnished,19340576,No
H0390,1142,4,2,2,1,15,Urban,Unfurnished,7817650,Yes
H0391,2873,4,1,2,0,19,Urban,Furnished,19967892,Yes
H0392,931,4,4,2,1,12,Suburban,Semi-Furnished,6418821,Yes
H0393,2315,2,4,2,2,23,Rural,Unfurnished,10957500,Yes
H0394,3061,1,2,1,0,12,Suburban,Unfurnished,15970674,No
H0395,1161,1,1,1,0,17,Suburban,Semi-Furnished,6058583,Yes
H0396,2114,5,4,2,0,13,Suburban,Furnished,13702744,Yes
H0397,2125,1,2,2,2,20,Urban,Semi-Furnished,13604843,Yes
H0398,2630,5,1,1,1,10,Urban,Semi-Furnished,17926112,No
H0399,2167,5,1,1,0,24,Suburban,Unfurnished,11684225,Yes
H0400,982,1,3,1,2,14,Rural,Furnished,5419280,Yes
H0401,2974,5,1,2,2,12,Rural,Furnished,16178960,Yes
H0402,3292,1,1,2,2,28,Rural,Furnished,16141680,Yes
H0403,2166,5,3,1,0,15,Rural,Semi-Furnished,11424350,Yes
H0404,2147,1,3,2,1,5,Urban,Furnished,15318188,No
H0405,2888,2,3,1,0,10,Urban,Unfurnished,18184600,Yes
H0406,1709,2,3,2,0,25,Urban,Unfurnished,10422175,Yes
H0407,3301,3,1,2,0,6,Rural,Semi-Furnished,16287225,No
H0408,1904,1,2,2,2,11,Suburban,Furnished,11445584,Yes
H0409,2798,2,1,1,1,17,Urban,Furnished,19157592,Yes
H0410,2328,4,1,2,2,18,Urban,Furnished,16539712,No
H0411,2821,2,2,2,1,3,Suburban,Unfurnished,15458674,Yes
H0412,2870,3,4,2,1,27,Suburban,Furnished,17144520,Yes
H0413,3287,4,1,1,0,24,Suburban,Unfurnished,17230225,No
H0414,1713,4,3,1,2,27,Urban,Furnished,12355252,Yes
H0415,2629,5,4,2,1,1,Urban,Furnished,19937716,No
H0416,2199,3,3,1,0,4,Urban,Semi-Furnished,15156871,No
H0417,3295,3,2,1,1,6,Suburban,Unfurnished,18041625,Yes
H0418,3332,2,1,1,1,28,Urban,Unfurnished,19921900,Yes
H0419,1585,4,1,1,0,13,Suburban,Semi-Furnished,9272493,Yes
H0420,2323,1,1,2,1,4,Rural,Furnished,12097920,Yes
H0421,3152,5,2,1,1,21,Rural,Unfurnished,15074000,Yes
H0422,2177,5,3,2,0,21,Urban,Furnished,15762308,Yes
H0423,1158,4,3,1,2,24,Rural,Furnished,6656320,Yes
H0424,1934,2,3,2,2,29,Rural,Semi-Furnished,9258150,Yes
H0425,2951,1,4,2,2,5,Suburban,Furnished,18113996,Yes
H0426,3011,3,3,2,2,21,Suburban,Semi-Furnished,17051021,Yes
H0427,3093,5,2,1,2,28,Urban,Furnished,21774772,Yes
H0428,2405,1,3,1,1,16,Urban,Semi-Furnished,15610893,Yes
H0429,2051,3,1,2,2,15,Suburban,Furnished,12457596,Yes
H0430,3346,2,1,1,0,14,Suburban,Unfurnished,17435550,Yes
H0431,1702,5,3,2,2,9,Urban,Furnished,13250408,Yes
H0432,3184,1,1,2,2,6,Urban,Furnished,22093936,Yes
H0433,2524,2,4,2,0,22,Suburban,Semi-Furnished,14054784,Yes
H0434,2633,5,4,2,1,9,Urban,Semi-Furnished,18525248,Yes
H0435,818,2,4,2,0,8,Urban,Unfurnished,5869350,Yes
H0436,1378,1,4,1,0,1,Urban,Furnished,10305912,Yes
H0437,2567,5,4,2,0,1,Rural,Semi-Furnished,14059075,Yes
H0438,1601,4,2,1,1,11,Urban,Unfurnished,10766075,Yes
H0439,1709,4,1,1,1,13,Rural,Unfurnished,8470500,Yes
H0440,1157,2,4,1,2,2,Suburban,Semi-Furnished,7666848,Yes
H0441,3169,2,2,1,2,28,Rural,Unfurnished,14240500,Yes
H0442,2038,3,2,1,2,21,Rural,Furnished,10781520,Yes
H0443,2493,5,1,1,2,21,Urban,Furnished,17792372,No
H0444,3184,2,2,2,1,20,Suburban,Semi-Furnished,17481060,No
H0445,3259,4,1,2,2,22,Suburban,Furnished,19429164,Yes
H0446,2289,4,3,1,1,2,Urban,Semi-Furnished,16180958,Yes
H0447,2539,1,3,1,2,17,Suburban,Semi-Furnished,14146291,Yes
H0448,2609,1,3,2,1,8,Urban,Furnished,18341636,Yes
H0449,2655,5,4,1,0,1,Urban,Furnished,19994620,Yes
H0450,1227,4,4,2,2,19,Urban,Furnished,9548508,Yes
H0451,997,4,3,1,0,26,Urban,Furnished,7283588,Yes
H0452,1728,4,3,1,2,10,Urban,Furnished,13137312,Yes
H0453,1034,5,1,1,2,17,Suburban,Furnished,6983064,Yes
H0454,2429,1,1,2,2,19,Suburban,Semi-Furnished,13108578,Yes
H0455,1712,5,2,2,2,28,Rural,Unfurnished,8434000,Yes
H0456,2319,2,4,2,2,12,Urban,Unfurnished,15067925,Yes
H0457,3057,5,1,2,2,2,Urban,Furnished,22389828,Yes
H0458,1751,1,4,1,2,13,Urban,Furnished,12603804,Yes
H0459,2551,4,2,1,1,12,Urban,Semi-Furnished,17272191,No
H0460,1155,5,4,1,2,13,Urban,Semi-Furnished,9057456,Yes
H0461,2901,2,1,2,2,21,Suburban,Furnished,16894196,Yes
H0462,2615,2,2,1,1,10,Urban,Unfurnished,16466125,Yes
H0463,2864,4,2,2,0,11,Rural,Semi-Furnished,14452400,Yes
H0464,3077,1,4,1,2,17,Suburban,Semi-Furnished,17249648,Yes
H0465,2505,3,3,2,0,2,Urban,Unfurnished,16427875,No
H0466,2324,1,1,1,1,7,Urban,Semi-Furnished,15094215,Yes
H0467,1519,3,1,2,0,7,Rural,Unfurnished,7485500,Yes
H0468,1256,3,4,1,2,25,Urban,Furnished,9255824,Yes
H0469,1882,4,4,1,0,9,Rural,Semi-Furnished,10252450,Yes
H0470,3259,5,3,2,2,12,Urban,Semi-Furnished,22338346,Yes
H0471,1430,5,4,2,1,11,Rural,Semi-Furnished,8406750,Yes
H0472,1032,1,3,2,2,10,Rural,Furnished,5831280,Yes
H0473,2217,3,1,1,2,13,Rural,Unfurnished,10626500,Yes
H0474,2794,3,1,1,2,20,Urban,Semi-Furnished,18192227,Yes
H0475,3406,1,2,2,1,17,Rural,Furnished,17216240,Yes
H0476,2389,1,2,2,2,2,Urban,Furnished,17024756,Yes
H0477,2381,5,2,2,1,22,Suburban,Semi-Furnished,13787758,Yes
H0478,3149,5,3,2,2,30,Rural,Furnished,16700960,No
H0479,3178,5,2,1,2,28,Suburban,Furnished,19149688,No
H0480,2690,4,4,2,2,26,Suburban,Unfurnished,14840749,Yes
H0481,1156,1,2,1,2,23,Urban,Semi-Furnished,7303835,Yes
H0482,3001,4,4,1,0,27,Urban,Furnished,21058804,Yes
H0483,1044,2,2,1,0,10,Suburban,Unfurnished,5862700,Yes
H0484,2429,1,3,1,0,27,Rural,Semi-Furnished,11187025,Yes
H0485,2677,5,2,2,0,5,Urban,Furnished,19624308,Yes
H0486,3018,5,4,2,1,23,Suburban,Unfurnished,16788150,No
H0487,1148,3,4,1,0,10,Rural,Semi-Furnished,6494300,Yes
H0488,1466,2,3,1,0,29,Suburban,Unfurnished,7466550,Yes
H0489,1779,4,1,2,2,3,Rural,Unfurnished,9305500,Yes
H0490,1073,5,4,1,0,27,Urban,Furnished,8190692,Yes
H0491,2961,1,2,2,0,20,Urban,Semi-Furnished,18697478,Yes
H0492,1864,1,1,2,0,17,Urban,Furnished,12432656,Yes
H0493,2760,5,4,1,2,24,Suburban,Unfurnished,15532999,Yes
H0494,3250,5,4,1,2,23,Rural,Furnished,17670000,Yes
H0495,2979,2,4,1,1,20,Urban,Furnished,20809116,No
H0496,911,4,2,1,2,4,Urban,Unfurnished,6974325,Yes
H0497,3268,1,3,1,2,8,Urban,Semi-Furnished,21555755,Yes
H0498,3383,2,4,1,1,25,Suburban,Furnished,19947868,No
H0499,1078,5,1,1,1,21,Suburban,Furnished,6958088,Yes
H0500,1499,5,1,2,2,7,Urban,Furnished,11589196,Yes
